0xc3ccf5a14ef99fc83cb41cd4aede01452d157157;0x025bcd9137619deb0ffb2e2339f24d0349bfc8da
0x359a948822d2366704dba10d700234175bdf16f8;0xddcc78adfa698745eb84f9c43ff0fc9f34b32db1
0x803569e5d61ac703d8bac769ccbd3792fcae031f;0x803569e5d61ac703d8bac769ccbd3792fcae031f
0x2b2e4175b0d9f88a106e68db80a3703395eba183;0x7ca789bf8569086b6ccafe68f6cbaef746da7701
0xa219f17ea963bba70914d220ba11b092eb80a4be;0x73614b6e31cac4e7486e4f3a5d6543b4ebb690cf
0x428a627b40f26d66f2643181fc4900562b1f6b4f;0xfc0800d0bd6bae9bf497628474f..f28a36635c5
0x8b4c31c63d6af57fb1c45e1c55ee5458cf4a7ad7;0x3dd8dd3e098fbefcd542c28041cd405682569775
0x44cf0e57a1a35ce0faa743b44b34fb7698d72279;0x4a949f489617052550d62271CbbE2EBf7DE4426A
0x2dc532999f1797709459e355dbc6a9ca784b5930;0x939ea034adf3a9038fe8c42700c538522e376a4f
0xb3b59c07ce154ff79d56f86a40178802b8a99f11;0xb953257664344d982d4343aee35347956d137e06
0xf18ea3e78ea07f2b8c9670b50ef1f14eb6f46a6f;0xf18ea3e78ea07f2b8c9670b50ef1f14eb6f46a6f
0x2dec02fc3aa5bbdd2fb04064ee7408ba584b7bd4;0xdf5f920c7338233313101729d18014dafa5da7ad
0x6ceb17cbfd12041e8ea6edc5fa3524ff0a0f3097;0x5e781e32063e331a8b5367f35b568b2b853a4c0a
0xaf994d3a22852453b47e16ff5909909f4f3d82df;0x377c8f70b5b3525f0b3ea923ea814dd4b5ab67f3
0x4b941b07eceb032defa0816f43ba9e9c60d9d9d1;0x554383664eb363621d6ea2957f90737571e62a88
0x0ed58362e7479a50303382b9002f6c77ac973d33;0x3d518bcdce297eb60b9fbed830ec3f978040849e
0xacac7daec42b1355b5742db575f181a8293a0506;0x64e66b3d0adb361145161217949eddd2fbb0d5af